1449851383035,0,System CPU Load,,0.004725476265221486,,,true,0,0,0,0
1449851383037,0,Process CPU Load,,0.03568832198797171,,,true,0,0,0,0
1449851384040,0,System CPU Load,,0.18766066838046275,,,true,0,0,0,0
1449851384042,0,Process CPU Load,,0.19329896907216493,,,true,0,0,0,0
1449851385046,0,System CPU Load,,0.031007751937984496,,,true,0,0,0,0
1449851385048,0,Process CPU Load,,0.041343669250646,,,true,0,0,0,0
1449851386049,0,System CPU Load,,0.08684210526315789,,,true,0,0,0,0
1449851386051,0,Process CPU Load,,0.09973753280839895,,,true,0,0,0,0
1449851387058,0,System CPU Load,,0.2904040404040404,,,true,0,0,0,0
1449851387058,0,Process CPU Load,,0.3316455696202532,,,true,0,0,0,0
1449851388064,0,System CPU Load,,0.03865979381443299,,,true,0,0,0,0
1449851388066,0,Process CPU Load,,0.061696658097686374,,,true,0,0,0,0
1449851389072,0,System CPU Load,,0.007692307692307693,,,true,0,0,0,0
1449851389073,0,Process CPU Load,,0.02570694087403599,,,true,0,0,0,0
1449851390079,0,System CPU Load,,0.005154639175257732,,,true,0,0,0,0
1449851390080,0,Process CPU Load,,0.02313624678663239,,,true,0,0,0,0
1449851391088,0,System CPU Load,,0.002564102564102564,,,true,0,0,0,0
1449851391090,0,Process CPU Load,,0.030690537084398978,,,true,0,0,0,0
1449851392096,0,System CPU Load,,0.005141388174807198,,,true,0,0,0,0
1449851392098,0,Process CPU Load,,0.03350515463917526,,,true,0,0,0,0
1449851393100,0,System CPU Load,,0.002570694087403599,,,true,0,0,0,0
1449851393102,0,Process CPU Load,,0.03350515463917526,,,true,0,0,0,0
1449851394109,0,System CPU Load,,0.00516795865633075,,,true,0,0,0,0
1449851394110,0,Process CPU Load,,0.041343669250646,,,true,0,0,0,0
1449851395119,0,System CPU Load,,0.0025906735751295338,,,true,0,0,0,0
1449851395121,0,Process CPU Load,,0.03865979381443299,,,true,0,0,0,0
1449851396125,0,System CPU Load,,0.005141388174807198,,,true,0,0,0,0
1449851396126,0,Process CPU Load,,0.03350515463917526,,,true,0,0,0,0
1449851397133,0,System CPU Load,,0.0025906735751295338,,,true,0,0,0,0
1449851397134,0,Process CPU Load,,0.03875968992248062,,,true,0,0,0,0
1449851398140,0,System CPU Load,,0.007556675062972292,,,true,0,0,0,0
1449851398141,0,Process CPU Load,,0.02531645569620253,,,true,0,0,0,0
1449851399147,0,System CPU Load,,0.002564102564102564,,,true,0,0,0,0
1449851399148,0,Process CPU Load,,0.028205128205128206,,,true,0,0,0,0
1449851400154,0,System CPU Load,,0.0051813471502590676,,,true,0,0,0,0
1449851400155,0,Process CPU Load,,0.04134366925064599,,,true,0,0,0,0
1449851401162,0,System CPU Load,,0.04699738903394256,,,true,0,0,0,0
1449851401164,0,Process CPU Load,,0.07571801566579633,,,true,0,0,0,0
1449851402170,0,System CPU Load,,0.00516795865633075,,,true,0,0,0,0
1449851402172,0,Process CPU Load,,0.03875968992248062,,,true,0,0,0,0
1449851403179,0,System CPU Load,,0.002577319587628866,,,true,0,0,0,0
1449851403180,0,Process CPU Load,,0.03350515463917526,,,true,0,0,0,0
1449851404185,0,System CPU Load,,0.007731958762886598,,,true,0,0,0,0
1449851404186,0,Process CPU Load,,0.041237113402061855,,,true,0,0,0,0
1449851405188,0,System CPU Load,,0.0025974025974025974,,,true,0,0,0,0
1449851405189,0,Process CPU Load,,0.03636363636363636,,,true,0,0,0,0
1449851406196,0,System CPU Load,,0.0,,,true,0,0,0,0
1449851406198,0,Process CPU Load,,0.038860103626943004,,,true,0,0,0,0
1449851407202,0,System CPU Load,,0.00516795865633075,,,true,0,0,0,0
1449851407204,0,Process CPU Load,,0.03608247422680412,,,true,0,0,0,0
1449851408211,0,System CPU Load,,0.002577319587628866,,,true,0,0,0,0
1449851408212,0,Process CPU Load,,0.038860103626943004,,,true,0,0,0,0
1449851409216,0,System CPU Load,,0.007751937984496124,,,true,0,0,0,0
1449851409218,0,Process CPU Load,,0.03865979381443299,,,true,0,0,0,0
1449851410224,0,System CPU Load,,0.005025125628140704,,,true,0,0,0,0
1449851410224,0,Process CPU Load,,0.017632241813602016,,,true,0,0,0,0
1449851411231,0,System CPU Load,,0.005050505050505051,,,true,0,0,0,0
1449851411232,0,Process CPU Load,,0.020100502512562814,,,true,0,0,0,0
1449851412238,0,System CPU Load,,0.007692307692307693,,,true,0,0,0,0
1449851412239,0,Process CPU Load,,0.033419023136246784,,,true,0,0,0,0
1449851413245,0,System CPU Load,,0.007712082262210797,,,true,0,0,0,0
1449851413246,0,Process CPU Load,,0.03865979381443299,,,true,0,0,0,0
1449851414319,0,System CPU Load,,0.0,,,true,0,0,0,0
1449851414320,0,Process CPU Load,,0.03389830508474576,,,true,0,0,0,0
1449851415327,0,System CPU Load,,0.15949367088607594,,,true,0,0,0,0
1449851415329,0,Process CPU Load,,0.15267175572519082,,,true,0,0,0,0
1449851416336,0,System CPU Load,,0.17268041237113402,,,true,0,0,0,0
1449851416337,0,Process CPU Load,,0.17268041237113402,,,true,0,0,0,0
1449851417340,0,System CPU Load,,0.005076142131979695,,,true,0,0,0,0
1449851417342,0,Process CPU Load,,0.02284263959390863,,,true,0,0,0,0
1449851418348,0,System CPU Load,,0.010256410256410256,,,true,0,0,0,0
1449851418349,0,Process CPU Load,,0.030769230769230767,,,true,0,0,0,0
1449851419357,0,System CPU Load,,0.0025575447570332483,,,true,0,0,0,0
1449851419358,0,Process CPU Load,,0.030534351145038167,,,true,0,0,0,0
1449851420365,0,System CPU Load,,0.0076726342710997444,,,true,0,0,0,0
1449851420365,0,Process CPU Load,,0.033419023136246784,,,true,0,0,0,0
1449851421369,0,System CPU Load,,0.041025641025641026,,,true,0,0,0,0
1449851421370,0,Process CPU Load,,0.05384615384615385,,,true,0,0,0,0
1449851422377,0,System CPU Load,,0.18461538461538463,,,true,0,0,0,0
1449851422378,0,Process CPU Load,,0.1717948717948718,,,true,0,0,0,0
1449851423381,0,System CPU Load,,0.03299492385786802,,,true,0,0,0,0
1449851423382,0,Process CPU Load,,0.04822335025380711,,,true,0,0,0,0
1449851424388,0,System CPU Load,,0.002583979328165375,,,true,0,0,0,0
1449851424390,0,Process CPU Load,,0.03608247422680412,,,true,0,0,0,0
1449851425401,0,System CPU Load,,0.1122715404699739,,,true,0,0,0,0
1449851425403,0,Process CPU Load,,0.14397905759162305,,,true,0,0,0,0
1449851426408,0,System CPU Load,,0.07397959183673469,,,true,0,0,0,0
1449851426409,0,Process CPU Load,,0.09414758269720103,,,true,0,0,0,0
1449851427411,0,System CPU Load,,0.06361323155216285,,,true,0,0,0,0
1449851427412,0,Process CPU Load,,0.089058524173028,,,true,0,0,0,0
1449851428415,0,System CPU Load,,0.01288659793814433,,,true,0,0,0,0
1449851428416,0,Process CPU Load,,0.028423772609819122,,,true,0,0,0,0
1449851429420,0,System CPU Load,,0.005154639175257732,,,true,0,0,0,0
1449851429421,0,Process CPU Load,,0.033419023136246784,,,true,0,0,0,0
1449851430427,0,System CPU Load,,0.010256410256410256,,,true,0,0,0,0
1449851430428,0,Process CPU Load,,0.038560411311053984,,,true,0,0,0,0
1449851431433,0,System CPU Load,,0.07948717948717948,,,true,0,0,0,0
1449851431434,0,Process CPU Load,,0.0843989769820972,,,true,0,0,0,0
1449851432441,0,System CPU Load,,0.00510204081632653,,,true,0,0,0,0
1449851432442,0,Process CPU Load,,0.030690537084398978,,,true,0,0,0,0
1449851433447,0,System CPU Load,,0.0025906735751295338,,,true,0,0,0,0
1449851433448,0,Process CPU Load,,0.038860103626943004,,,true,0,0,0,0
1449851434454,0,System CPU Load,,0.0076726342710997444,,,true,0,0,0,0
1449851434456,0,Process CPU Load,,0.03324808184143223,,,true,0,0,0,0
1449851435462,0,System CPU Load,,0.002577319587628866,,,true,0,0,0,0
1449851435463,0,Process CPU Load,,0.03608247422680412,,,true,0,0,0,0
1449851436466,0,System CPU Load,,0.00516795865633075,,,true,0,0,0,0
1449851436468,0,Process CPU Load,,0.03865979381443299,,,true,0,0,0,0
1449851437471,0,System CPU Load,,0.002583979328165375,,,true,0,0,0,0
1449851437473,0,Process CPU Load,,0.036269430051813475,,,true,0,0,0,0
1449851438478,0,System CPU Load,,0.007712082262210797,,,true,0,0,0,0
1449851438479,0,Process CPU Load,,0.03333333333333333,,,true,0,0,0,0
1449851439486,0,System CPU Load,,0.002570694087403599,,,true,0,0,0,0
1449851439488,0,Process CPU Load,,0.03608247422680412,,,true,0,0,0,0
1449851440493,0,System CPU Load,,0.00516795865633075,,,true,0,0,0,0
1449851440495,0,Process CPU Load,,0.03875968992248062,,,true,0,0,0,0
1449851441497,0,System CPU Load,,0.005128205128205128,,,true,0,0,0,0
1449851441498,0,Process CPU Load,,0.028132992327365727,,,true,0,0,0,0
1449851442505,0,System CPU Load,,0.005141388174807198,,,true,0,0,0,0
1449851442506,0,Process CPU Load,,0.03608247422680412,,,true,0,0,0,0
1449851443512,0,System CPU Load,,0.00516795865633075,,,true,0,0,0,0
1449851443514,0,Process CPU Load,,0.03865979381443299,,,true,0,0,0,0
1449851444519,0,System CPU Load,,0.002577319587628866,,,true,0,0,0,0
1449851444521,0,Process CPU Load,,0.03350515463917526,,,true,0,0,0,0
1449851445527,0,System CPU Load,,0.03626943005181347,,,true,0,0,0,0
1449851445528,0,Process CPU Load,,0.06233766233766234,,,true,0,0,0,0
1449851446534,0,System CPU Load,,0.018087855297157625,,,true,0,0,0,0
1449851446536,0,Process CPU Load,,0.049095607235142114,,,true,0,0,0,0
1449851447542,0,System CPU Load,,0.00516795865633075,,,true,0,0,0,0
1449851447543,0,Process CPU Load,,0.03617571059431525,,,true,0,0,0,0
1449851448547,0,System CPU Load,,0.0026041666666666665,,,true,0,0,0,0
1449851448548,0,Process CPU Load,,0.041666666666666664,,,true,0,0,0,0
1449851449554,0,System CPU Load,,0.005194805194805195,,,true,0,0,0,0
1449851449555,0,Process CPU Load,,0.03636363636363636,,,true,0,0,0,0
1449851450559,0,System CPU Load,,0.0,,,true,0,0,0,0
1449851450560,0,Process CPU Load,,0.03626943005181347,,,true,0,0,0,0
1449851451567,0,System CPU Load,,0.007712082262210797,,,true,0,0,0,0
1449851451568,0,Process CPU Load,,0.03333333333333333,,,true,0,0,0,0
1449851452574,0,System CPU Load,,0.002583979328165375,,,true,0,0,0,0
1449851452575,0,Process CPU Load,,0.03359173126614987,,,true,0,0,0,0
1449851453581,0,System CPU Load,,0.0,,,true,0,0,0,0
1449851453582,0,Process CPU Load,,0.03367875647668393,,,true,0,0,0,0
1449851454587,0,System CPU Load,,0.06958762886597938,,,true,0,0,0,0
1449851454588,0,Process CPU Load,,0.0979381443298969,,,true,0,0,0,0
1449851455594,0,System CPU Load,,0.01282051282051282,,,true,0,0,0,0
1449851455595,0,Process CPU Load,,0.035897435897435895,,,true,0,0,0,0
1449851456600,0,System CPU Load,,0.002577319587628866,,,true,0,0,0,0
1449851456602,0,Process CPU Load,,0.03350515463917526,,,true,0,0,0,0
1449851457605,0,System CPU Load,,0.007731958762886598,,,true,0,0,0,0
1449851457606,0,Process CPU Load,,0.033419023136246784,,,true,0,0,0,0
1449851458612,0,System CPU Load,,0.007692307692307693,,,true,0,0,0,0
1449851458613,0,Process CPU Load,,0.03350515463917526,,,true,0,0,0,0
1449851459619,0,System CPU Load,,0.0076726342710997444,,,true,0,0,0,0
1449851459621,0,Process CPU Load,,0.030690537084398978,,,true,0,0,0,0
1449851460626,0,System CPU Load,,0.03359173126614987,,,true,0,0,0,0
1449851460628,0,Process CPU Load,,0.05670103092783505,,,true,0,0,0,0
1449851461632,0,System CPU Load,,0.005154639175257732,,,true,0,0,0,0
1449851461632,0,Process CPU Load,,0.03359173126614987,,,true,0,0,0,0
1449851462638,0,System CPU Load,,0.005128205128205128,,,true,0,0,0,0
1449851462638,0,Process CPU Load,,0.028205128205128202,,,true,0,0,0,0
1449851463644,0,System CPU Load,,0.005154639175257732,,,true,0,0,0,0
1449851463645,0,Process CPU Load,,0.033419023136246784,,,true,0,0,0,0
1449851464650,0,System CPU Load,,0.005154639175257732,,,true,0,0,0,0
1449851464652,0,Process CPU Load,,0.03617571059431525,,,true,0,0,0,0
1449852269996,0,System CPU Load,,0.007469435823362158,,,true,0,0,0,0
1449852270002,0,Process CPU Load,,0.03899631735786693,,,true,0,0,0,0
1449852271008,0,System CPU Load,,0.15979381443298968,,,true,0,0,0,0
1449852271009,0,Process CPU Load,,0.14987080103359174,,,true,0,0,0,0
1449852272013,0,System CPU Load,,0.005089058524173028,,,true,0,0,0,0
1449852272015,0,Process CPU Load,,0.020408163265306124,,,true,0,0,0,0
1449852273021,0,System CPU Load,,0.00783289817232376,,,true,0,0,0,0
1449852273022,0,Process CPU Load,,0.0391644908616188,,,true,0,0,0,0
1449852274026,0,System CPU Load,,0.0026041666666666665,,,true,0,0,0,0
1449852274027,0,Process CPU Load,,0.036458333333333336,,,true,0,0,0,0
1449852275033,0,System CPU Load,,0.007792207792207792,,,true,0,0,0,0
1449852275034,0,Process CPU Load,,0.03636363636363636,,,true,0,0,0,0
1449852276041,0,System CPU Load,,0.0025906735751295338,,,true,0,0,0,0
1449852276043,0,Process CPU Load,,0.03626943005181347,,,true,0,0,0,0
1449852277049,0,System CPU Load,,0.0103359173126615,,,true,0,0,0,0
1449852277050,0,Process CPU Load,,0.03865979381443299,,,true,0,0,0,0
1449852278056,0,System CPU Load,,0.0,,,true,0,0,0,0
1449852278057,0,Process CPU Load,,0.03385416666666667,,,true,0,0,0,0
1449852279062,0,System CPU Load,,0.0025974025974025974,,,true,0,0,0,0
1449852279064,0,Process CPU Load,,0.03636363636363636,,,true,0,0,0,0
1449852280070,0,System CPU Load,,0.002583979328165375,,,true,0,0,0,0
1449852280072,0,Process CPU Load,,0.03367875647668394,,,true,0,0,0,0
1449852281078,0,System CPU Load,,0.0025974025974025974,,,true,0,0,0,0
1449852281079,0,Process CPU Load,,0.03636363636363636,,,true,0,0,0,0
1449852282085,0,System CPU Load,,0.0026041666666666665,,,true,0,0,0,0
1449852282086,0,Process CPU Load,,0.0390625,,,true,0,0,0,0
1449852283093,0,System CPU Load,,0.0051813471502590676,,,true,0,0,0,0
1449852283094,0,Process CPU Load,,0.03626943005181347,,,true,0,0,0,0
1449852284100,0,System CPU Load,,0.0025974025974025974,,,true,0,0,0,0
1449852284101,0,Process CPU Load,,0.03367875647668394,,,true,0,0,0,0
1449852285107,0,System CPU Load,,0.043256997455470736,,,true,0,0,0,0
1449852285109,0,Process CPU Load,,0.04834605597964377,,,true,0,0,0,0
1449852286115,0,System CPU Load,,0.038560411311053984,,,true,0,0,0,0
1449852286117,0,Process CPU Load,,0.05912596401028278,,,true,0,0,0,0
1449852287124,0,System CPU Load,,0.005141388174807198,,,true,0,0,0,0
1449852287126,0,Process CPU Load,,0.030848329048843187,,,true,0,0,0,0
1449852288132,0,System CPU Load,,0.0025974025974025974,,,true,0,0,0,0
1449852288133,0,Process CPU Load,,0.0390625,,,true,0,0,0,0
1449852289135,0,System CPU Load,,0.0025906735751295338,,,true,0,0,0,0
1449852289136,0,Process CPU Load,,0.031088082901554404,,,true,0,0,0,0
1449852290140,0,System CPU Load,,0.007731958762886598,,,true,0,0,0,0
1449852290142,0,Process CPU Load,,0.033419023136246784,,,true,0,0,0,0
1449852291144,0,System CPU Load,,0.007772020725388601,,,true,0,0,0,0
1449852291145,0,Process CPU Load,,0.033591731266149866,,,true,0,0,0,0
1449852292151,0,System CPU Load,,0.002544529262086514,,,true,0,0,0,0
1449852292152,0,Process CPU Load,,0.020460358056265983,,,true,0,0,0,0
1449852293156,0,System CPU Load,,0.0025575447570332483,,,true,0,0,0,0
1449852293157,0,Process CPU Load,,0.022959183673469385,,,true,0,0,0,0
1449852294163,0,System CPU Load,,0.005141388174807198,,,true,0,0,0,0
1449852294164,0,Process CPU Load,,0.030848329048843187,,,true,0,0,0,0
1449852295167,0,System CPU Load,,0.0,,,true,0,0,0,0
1449852295168,0,Process CPU Load,,0.03116883116883117,,,true,0,0,0,0
1449852296174,0,System CPU Load,,0.005154639175257732,,,true,0,0,0,0
1449852296175,0,Process CPU Load,,0.03359173126614987,,,true,0,0,0,0
1449852297181,0,System CPU Load,,0.0025906735751295338,,,true,0,0,0,0
1449852297182,0,Process CPU Load,,0.03617571059431525,,,true,0,0,0,0
1449852298188,0,System CPU Load,,0.02356020942408377,,,true,0,0,0,0
1449852298189,0,Process CPU Load,,0.05235602094240838,,,true,0,0,0,0
1449852299195,0,System CPU Load,,0.002570694087403599,,,true,0,0,0,0
1449852299196,0,Process CPU Load,,0.030927835051546393,,,true,0,0,0,0
1449852300201,0,System CPU Load,,0.05154639175257732,,,true,0,0,0,0
1449852300202,0,Process CPU Load,,0.06443298969072164,,,true,0,0,0,0
1449852301208,0,System CPU Load,,0.10741687979539642,,,true,0,0,0,0
1449852301210,0,Process CPU Load,,0.10485933503836317,,,true,0,0,0,0
1449852302215,0,System CPU Load,,0.16145833333333334,,,true,0,0,0,0
1449852302216,0,Process CPU Load,,0.18229166666666666,,,true,0,0,0,0
1449852303221,0,System CPU Load,,0.015267175572519085,,,true,0,0,0,0
1449852303222,0,Process CPU Load,,0.027989821882951654,,,true,0,0,0,0
1449852304228,0,System CPU Load,,0.0,,,true,0,0,0,0
1449852304229,0,Process CPU Load,,0.031088082901554404,,,true,0,0,0,0
1449852305234,0,System CPU Load,,0.007792207792207792,,,true,0,0,0,0
1449852305235,0,Process CPU Load,,0.03116883116883117,,,true,0,0,0,0
1449852306239,0,System CPU Load,,0.007751937984496124,,,true,0,0,0,0
1449852306240,0,Process CPU Load,,0.033591731266149866,,,true,0,0,0,0
1449852307245,0,System CPU Load,,0.054404145077720206,,,true,0,0,0,0
1449852307247,0,Process CPU Load,,0.06718346253229973,,,true,0,0,0,0
1449852308253,0,System CPU Load,,0.24556962025316456,,,true,0,0,0,0
1449852308254,0,Process CPU Load,,0.22588832487309643,,,true,0,0,0,0
1449852309260,0,System CPU Load,,0.030848329048843187,,,true,0,0,0,0
1449852309261,0,Process CPU Load,,0.05128205128205128,,,true,0,0,0,0
1449852310265,0,System CPU Load,,0.002570694087403599,,,true,0,0,0,0
1449852310266,0,Process CPU Load,,0.025706940874035987,,,true,0,0,0,0
1449852311272,0,System CPU Load,,0.09844559585492228,,,true,0,0,0,0
1449852311273,0,Process CPU Load,,0.12727272727272726,,,true,0,0,0,0
1449852312279,0,System CPU Load,,0.15482233502538073,,,true,0,0,0,0
1449852312280,0,Process CPU Load,,0.17215189873417722,,,true,0,0,0,0
1449852313287,0,System CPU Load,,0.012755102040816327,,,true,0,0,0,0
1449852313288,0,Process CPU Load,,0.028132992327365727,,,true,0,0,0,0
1449852314293,0,System CPU Load,,0.005141388174807198,,,true,0,0,0,0
1449852314295,0,Process CPU Load,,0.03076923076923077,,,true,0,0,0,0
1449852315301,0,System CPU Load,,0.2099737532808399,,,true,0,0,0,0
1449852315302,0,Process CPU Load,,0.2026315789473684,,,true,0,0,0,0
1449852316307,0,System CPU Load,,0.21502590673575128,,,true,0,0,0,0
1449852316309,0,Process CPU Load,,0.23772609819121449,,,true,0,0,0,0
1449852317311,0,System CPU Load,,0.0103359173126615,,,true,0,0,0,0
1449852317312,0,Process CPU Load,,0.03367875647668394,,,true,0,0,0,0
1449852318317,0,System CPU Load,,0.020833333333333336,,,true,0,0,0,0
1449852318319,0,Process CPU Load,,0.046875,,,true,0,0,0,0
1449852319323,0,System CPU Load,,0.5089974293059126,,,true,0,0,0,0
1449852319324,0,Process CPU Load,,0.5794871794871794,,,true,0,0,0,0
1449852320330,0,System CPU Load,,0.14690721649484534,,,true,0,0,0,0
1449852320331,0,Process CPU Load,,0.11111111111111112,,,true,0,0,0,0
1449852321337,0,System CPU Load,,0.11351351351351352,,,true,0,0,0,0
1449852321338,0,Process CPU Load,,0.05945945945945946,,,true,0,0,0,0
1449852322344,0,System CPU Load,,0.1875,,,true,0,0,0,0
1449852322346,0,Process CPU Load,,0.03125,,,true,0,0,0,0
1449852323352,0,System CPU Load,,0.09685863874345549,,,true,0,0,0,0
1449852323353,0,Process CPU Load,,0.05759162303664921,,,true,0,0,0,0
1449852324358,0,System CPU Load,,0.00516795865633075,,,true,0,0,0,0
1449852324360,0,Process CPU Load,,0.03092783505154639,,,true,0,0,0,0
1449852325365,0,System CPU Load,,0.10103626943005181,,,true,0,0,0,0
1449852325366,0,Process CPU Load,,0.11658031088082901,,,true,0,0,0,0
1449852326371,0,System CPU Load,,0.03045685279187817,,,true,0,0,0,0
1449852326372,0,Process CPU Load,,0.043147208121827416,,,true,0,0,0,0
1449852327378,0,System CPU Load,,0.007653061224489796,,,true,0,0,0,0
1449852327380,0,Process CPU Load,,0.028132992327365727,,,true,0,0,0,0
1449852328386,0,System CPU Load,,0.01038961038961039,,,true,0,0,0,0
1449852328387,0,Process CPU Load,,0.03626943005181347,,,true,0,0,0,0
1449852329392,0,System CPU Load,,0.0,,,true,0,0,0,0
1449852329393,0,Process CPU Load,,0.03116883116883117,,,true,0,0,0,0
1449852330395,0,System CPU Load,,0.10966057441253263,,,true,0,0,0,0
1449852330397,0,Process CPU Load,,0.12532637075718017,,,true,0,0,0,0
1449852331403,0,System CPU Load,,0.0737913486005089,,,true,0,0,0,0
1449852331404,0,Process CPU Load,,0.08673469387755102,,,true,0,0,0,0
1449852332451,0,System CPU Load,,0.1175,,,true,0,0,0,0
1449852332452,0,Process CPU Load,,0.16,,,true,0,0,0,0
1449852333458,0,System CPU Load,,0.08974358974358973,,,true,0,0,0,0
1449852333459,0,Process CPU Load,,0.09718670076726343,,,true,0,0,0,0
1449852334466,0,System CPU Load,,0.025575447570332484,,,true,0,0,0,0
1449852334467,0,Process CPU Load,,0.041025641025641026,,,true,0,0,0,0
1449852335469,0,System CPU Load,,0.0026041666666666665,,,true,0,0,0,0
1449852335470,0,Process CPU Load,,0.0390625,,,true,0,0,0,0
1449852336475,0,System CPU Load,,0.03092783505154639,,,true,0,0,0,0
1449852336476,0,Process CPU Load,,0.05154639175257732,,,true,0,0,0,0
1449852337482,0,System CPU Load,,0.00516795865633075,,,true,0,0,0,0
1449852337483,0,Process CPU Load,,0.033591731266149866,,,true,0,0,0,0
1449852338489,0,System CPU Load,,0.0025906735751295338,,,true,0,0,0,0
1449852338491,0,Process CPU Load,,0.03626943005181347,,,true,0,0,0,0
1449852339497,0,System CPU Load,,0.00516795865633075,,,true,0,0,0,0
1449852339498,0,Process CPU Load,,0.033591731266149866,,,true,0,0,0,0
1449852340501,0,System CPU Load,,0.007772020725388601,,,true,0,0,0,0
1449852340503,0,Process CPU Load,,0.03359173126614987,,,true,0,0,0,0
1449852341510,0,System CPU Load,,0.03092783505154639,,,true,0,0,0,0
1449852341511,0,Process CPU Load,,0.059431524547803614,,,true,0,0,0,0
1449852342517,0,System CPU Load,,0.00516795865633075,,,true,0,0,0,0
1449852342519,0,Process CPU Load,,0.03359173126614987,,,true,0,0,0,0
1449852343525,0,System CPU Load,,0.00516795865633075,,,true,0,0,0,0
1449852343526,0,Process CPU Load,,0.03608247422680412,,,true,0,0,0,0
1449852344532,0,System CPU Load,,0.0,,,true,0,0,0,0
1449852344534,0,Process CPU Load,,0.036458333333333336,,,true,0,0,0,0
1449852345539,0,System CPU Load,,0.06994818652849741,,,true,0,0,0,0
1449852345541,0,Process CPU Load,,0.08290155440414507,,,true,0,0,0,0
1449852346546,0,System CPU Load,,0.031007751937984496,,,true,0,0,0,0
1449852346548,0,Process CPU Load,,0.06217616580310881,,,true,0,0,0,0
1449852347552,0,System CPU Load,,0.0026041666666666665,,,true,0,0,0,0
1449852347553,0,Process CPU Load,,0.03636363636363636,,,true,0,0,0,0
1449852348560,0,System CPU Load,,0.002583979328165375,,,true,0,0,0,0
1449852348561,0,Process CPU Load,,0.03367875647668393,,,true,0,0,0,0
1449852349565,0,System CPU Load,,0.00516795865633075,,,true,0,0,0,0
1449852349567,0,Process CPU Load,,0.03350515463917526,,,true,0,0,0,0
1449852350573,0,System CPU Load,,0.005194805194805195,,,true,0,0,0,0
1449852350575,0,Process CPU Load,,0.03896103896103896,,,true,0,0,0,0
1449852351581,0,System CPU Load,,0.015463917525773196,,,true,0,0,0,0
1449852351582,0,Process CPU Load,,0.041343669250646,,,true,0,0,0,0
1449852352590,0,System CPU Load,,0.19220779220779222,,,true,0,0,0,0
1449852352591,0,Process CPU Load,,0.2077922077922078,,,true,0,0,0,0
1449852353598,0,System CPU Load,,0.40052356020942403,,,true,0,0,0,0
1449852353600,0,Process CPU Load,,0.3922077922077922,,,true,0,0,0,0
1449854203829,0,System CPU Load,,0.00792682410161248,,,true,0,0,0,0
1449854203839,0,Process CPU Load,,0.037566621757882335,,,true,0,0,0,0
1449854204847,0,System CPU Load,,0.09898477157360405,,,true,0,0,0,0
1449854204849,0,Process CPU Load,,0.09948979591836735,,,true,0,0,0,0
1449854205853,0,System CPU Load,,0.07512953367875648,,,true,0,0,0,0
1449854205854,0,Process CPU Load,,0.09043927648578812,,,true,0,0,0,0
1449854206859,0,System CPU Load,,0.007792207792207792,,,true,0,0,0,0
1449854206861,0,Process CPU Load,,0.033854166666666664,,,true,0,0,0,0
1449854207866,0,System CPU Load,,0.0025974025974025974,,,true,0,0,0,0
1449854207867,0,Process CPU Load,,0.033766233766233764,,,true,0,0,0,0
1449854208873,0,System CPU Load,,0.002577319587628866,,,true,0,0,0,0
1449854208874,0,Process CPU Load,,0.03350515463917526,,,true,0,0,0,0
1449854209881,0,System CPU Load,,0.007772020725388601,,,true,0,0,0,0
1449854209882,0,Process CPU Load,,0.03636363636363636,,,true,0,0,0,0
1449854210888,0,System CPU Load,,0.00516795865633075,,,true,0,0,0,0
1449854210889,0,Process CPU Load,,0.033591731266149866,,,true,0,0,0,0
1449854211895,0,System CPU Load,,0.005154639175257732,,,true,0,0,0,0
1449854211896,0,Process CPU Load,,0.030927835051546393,,,true,0,0,0,0
1449854212902,0,System CPU Load,,0.002564102564102564,,,true,0,0,0,0
1449854212903,0,Process CPU Load,,0.02806122448979592,,,true,0,0,0,0
1449854213909,0,System CPU Load,,0.00510204081632653,,,true,0,0,0,0
1449854213910,0,Process CPU Load,,0.023076923076923075,,,true,0,0,0,0
1449854214917,0,System CPU Load,,0.00510204081632653,,,true,0,0,0,0
1449854214918,0,Process CPU Load,,0.025510204081632654,,,true,0,0,0,0
1449854215925,0,System CPU Load,,0.0051813471502590676,,,true,0,0,0,0
1449854215927,0,Process CPU Load,,0.03617571059431524,,,true,0,0,0,0
1449854216932,0,System CPU Load,,0.0025974025974025974,,,true,0,0,0,0
1449854216933,0,Process CPU Load,,0.03636363636363636,,,true,0,0,0,0
1449854217938,0,System CPU Load,,0.0025906735751295338,,,true,0,0,0,0
1449854217939,0,Process CPU Load,,0.033591731266149866,,,true,0,0,0,0
1449854218945,0,System CPU Load,,0.00516795865633075,,,true,0,0,0,0
1449854218947,0,Process CPU Load,,0.03636363636363636,,,true,0,0,0,0
1449854219953,0,System CPU Load,,0.0,,,true,0,0,0,0
1449854219954,0,Process CPU Load,,0.03367875647668393,,,true,0,0,0,0
1449854220958,0,System CPU Load,,0.0835509138381201,,,true,0,0,0,0
1449854220959,0,Process CPU Load,,0.09635416666666667,,,true,0,0,0,0
1449854221965,0,System CPU Load,,0.012919896640826874,,,true,0,0,0,0
1449854221966,0,Process CPU Load,,0.03626943005181347,,,true,0,0,0,0
1449854222972,0,System CPU Load,,0.0025906735751295338,,,true,0,0,0,0
1449854222973,0,Process CPU Load,,0.03359173126614987,,,true,0,0,0,0
1449854223979,0,System CPU Load,,0.0,,,true,0,0,0,0
1449854223980,0,Process CPU Load,,0.036458333333333336,,,true,0,0,0,0
1449854224985,0,System CPU Load,,0.007751937984496124,,,true,0,0,0,0
1449854224987,0,Process CPU Load,,0.03350515463917526,,,true,0,0,0,0
1449854225993,0,System CPU Load,,0.002551020408163265,,,true,0,0,0,0
1449854225995,0,Process CPU Load,,0.023017902813299233,,,true,0,0,0,0
1449854227000,0,System CPU Load,,0.002551020408163265,,,true,0,0,0,0
1449854227001,0,Process CPU Load,,0.022900763358778626,,,true,0,0,0,0
1449854228007,0,System CPU Load,,0.002564102564102564,,,true,0,0,0,0
1449854228011,0,Process CPU Load,,0.028205128205128202,,,true,0,0,0,0
1449854229016,0,System CPU Load,,0.0,,,true,0,0,0,0
1449854229018,0,Process CPU Load,,0.031007751937984496,,,true,0,0,0,0
1449854230023,0,System CPU Load,,0.002564102564102564,,,true,0,0,0,0
1449854230024,0,Process CPU Load,,0.028277634961439587,,,true,0,0,0,0
1449854231029,0,System CPU Load,,0.0025974025974025974,,,true,0,0,0,0
1449854231031,0,Process CPU Load,,0.03367875647668394,,,true,0,0,0,0
1449854232036,0,System CPU Load,,0.005154639175257732,,,true,0,0,0,0
1449854232037,0,Process CPU Load,,0.028350515463917526,,,true,0,0,0,0
1449854233042,0,System CPU Load,,0.005154639175257732,,,true,0,0,0,0
1449854233043,0,Process CPU Load,,0.03350515463917526,,,true,0,0,0,0
1449854234048,0,System CPU Load,,0.025974025974025976,,,true,0,0,0,0
1449854234050,0,Process CPU Load,,0.057291666666666664,,,true,0,0,0,0
1449854235056,0,System CPU Load,,0.03092783505154639,,,true,0,0,0,0
1449854235066,0,Process CPU Load,,0.04834605597964377,,,true,0,0,0,0
1449854236072,0,System CPU Load,,0.02040816326530612,,,true,0,0,0,0
1449854236073,0,Process CPU Load,,0.041237113402061855,,,true,0,0,0,0
1449854237079,0,System CPU Load,,0.20103092783505155,,,true,0,0,0,0
1449854237080,0,Process CPU Load,,0.19896640826873385,,,true,0,0,0,0
1449854238086,0,System CPU Load,,0.07692307692307693,,,true,0,0,0,0
1449854238088,0,Process CPU Load,,0.09743589743589744,,,true,0,0,0,0
1449854239094,0,System CPU Load,,0.0,,,true,0,0,0,0
1449854239095,0,Process CPU Load,,0.03092783505154639,,,true,0,0,0,0
1449854240102,0,System CPU Load,,0.010362694300518135,,,true,0,0,0,0
1449854240103,0,Process CPU Load,,0.03367875647668394,,,true,0,0,0,0
1449854241109,0,System CPU Load,,0.00516795865633075,,,true,0,0,0,0
1449854241110,0,Process CPU Load,,0.03350515463917526,,,true,0,0,0,0
1449854242116,0,System CPU Load,,0.005154639175257732,,,true,0,0,0,0
1449854242117,0,Process CPU Load,,0.03092783505154639,,,true,0,0,0,0
1449854243122,0,System CPU Load,,0.002577319587628866,,,true,0,0,0,0
1449854243123,0,Process CPU Load,,0.028423772609819122,,,true,0,0,0,0
1449854244127,0,System CPU Load,,0.020671834625323,,,true,0,0,0,0
1449854244129,0,Process CPU Load,,0.046511627906976744,,,true,0,0,0,0
1449854245135,0,System CPU Load,,0.20865139949109415,,,true,0,0,0,0
1449854245136,0,Process CPU Load,,0.1806615776081425,,,true,0,0,0,0
1449854246140,0,System CPU Load,,0.030848329048843187,,,true,0,0,0,0
1449854246141,0,Process CPU Load,,0.051413881748071974,,,true,0,0,0,0
1449854247149,0,System CPU Load,,0.010362694300518135,,,true,0,0,0,0
1449854247150,0,Process CPU Load,,0.031007751937984496,,,true,0,0,0,0
1449854248157,0,System CPU Load,,0.0025974025974025974,,,true,0,0,0,0
1449854248159,0,Process CPU Load,,0.03636363636363636,,,true,0,0,0,0
1449854249164,0,System CPU Load,,0.049222797927461134,,,true,0,0,0,0
1449854249165,0,Process CPU Load,,0.07792207792207792,,,true,0,0,0,0
1449854250171,0,System CPU Load,,0.09768637532133677,,,true,0,0,0,0
1449854250171,0,Process CPU Load,,0.10796915167095116,,,true,0,0,0,0
1449854251176,0,System CPU Load,,0.2704081632653061,,,true,0,0,0,0
1449854251178,0,Process CPU Load,,0.2951653944020356,,,true,0,0,0,0
1449854252183,0,System CPU Load,,0.010362694300518135,,,true,0,0,0,0
1449854252184,0,Process CPU Load,,0.02072538860103627,,,true,0,0,0,0
1449854253190,0,System CPU Load,,0.059278350515463915,,,true,0,0,0,0
1449854253192,0,Process CPU Load,,0.07712082262210797,,,true,0,0,0,0
1449854254197,0,System CPU Load,,0.04081632653061224,,,true,0,0,0,0
1449854254199,0,Process CPU Load,,0.05897435897435897,,,true,0,0,0,0
1449854255206,0,System CPU Load,,0.007792207792207792,,,true,0,0,0,0
1449854255207,0,Process CPU Load,,0.033591731266149866,,,true,0,0,0,0
1449854256213,0,System CPU Load,,0.00516795865633075,,,true,0,0,0,0
1449854256215,0,Process CPU Load,,0.03636363636363636,,,true,0,0,0,0
1449854257221,0,System CPU Load,,0.05958549222797927,,,true,0,0,0,0
1449854257222,0,Process CPU Load,,0.08785529715762273,,,true,0,0,0,0
1449854258228,0,System CPU Load,,0.07161125319693094,,,true,0,0,0,0
1449854258230,0,Process CPU Load,,0.09230769230769231,,,true,0,0,0,0
1449854259236,0,System CPU Load,,0.12213740458015267,,,true,0,0,0,0
1449854259237,0,Process CPU Load,,0.04834605597964377,,,true,0,0,0,0
1449854260243,0,System CPU Load,,0.005089058524173028,,,true,0,0,0,0
1449854260244,0,Process CPU Load,,0.02544529262086514,,,true,0,0,0,0
1449854261250,0,System CPU Load,,0.007712082262210797,,,true,0,0,0,0
1449854261252,0,Process CPU Load,,0.02313624678663239,,,true,0,0,0,0
1449854262258,0,System CPU Load,,0.007751937984496124,,,true,0,0,0,0
1449854262259,0,Process CPU Load,,0.033419023136246784,,,true,0,0,0,0
1449854263265,0,System CPU Load,,0.002570694087403599,,,true,0,0,0,0
1449854263266,0,Process CPU Load,,0.030927835051546393,,,true,0,0,0,0
1449854264273,0,System CPU Load,,0.06091370558375635,,,true,0,0,0,0
1449854264275,0,Process CPU Load,,0.07124681933842239,,,true,0,0,0,0
1449854265280,0,System CPU Load,,0.09610389610389611,,,true,0,0,0,0
1449854265281,0,Process CPU Load,,0.10880829015544041,,,true,0,0,0,0
1449854266287,0,System CPU Load,,0.002570694087403599,,,true,0,0,0,0
1449854266289,0,Process CPU Load,,0.025706940874035987,,,true,0,0,0,0
1449854267296,0,System CPU Load,,0.010362694300518135,,,true,0,0,0,0
1449854267297,0,Process CPU Load,,0.03626943005181347,,,true,0,0,0,0
1449854268301,0,System CPU Load,,0.00516795865633075,,,true,0,0,0,0
1449854268303,0,Process CPU Load,,0.03626943005181347,,,true,0,0,0,0
1449854269311,0,System CPU Load,,0.04060913705583756,,,true,0,0,0,0
1449854269312,0,Process CPU Load,,0.05329949238578681,,,true,0,0,0,0
1449854270317,0,System CPU Load,,0.24675324675324678,,,true,0,0,0,0
1449854270318,0,Process CPU Load,,0.21502590673575128,,,true,0,0,0,0
1449854315643,0,System CPU Load,,0.02959330833573695,,,true,0,0,0,0
1449854315659,0,Process CPU Load,,0.05697479960786575,,,true,0,0,0,0
1449854316667,0,System CPU Load,,0.09068010075566751,,,true,0,0,0,0
1449854316668,0,Process CPU Load,,0.10512820512820512,,,true,0,0,0,0
1449854317674,0,System CPU Load,,0.005194805194805195,,,true,0,0,0,0
1449854317675,0,Process CPU Load,,0.03367875647668393,,,true,0,0,0,0
1449854318683,0,System CPU Load,,0.010362694300518135,,,true,0,0,0,0
1449854318684,0,Process CPU Load,,0.03626943005181347,,,true,0,0,0,0
1449854319689,0,System CPU Load,,0.005194805194805195,,,true,0,0,0,0
1449854319691,0,Process CPU Load,,0.0390625,,,true,0,0,0,0
1449854320696,0,System CPU Load,,0.005208333333333333,,,true,0,0,0,0
1449854320697,0,Process CPU Load,,0.0390625,,,true,0,0,0,0
1449854321703,0,System CPU Load,,0.16923076923076924,,,true,0,0,0,0
1449854321704,0,Process CPU Load,,0.020460358056265986,,,true,0,0,0,0
1449854322708,0,System CPU Load,,0.005249343832020997,,,true,0,0,0,0
1449854322709,0,Process CPU Load,,0.03674540682414698,,,true,0,0,0,0
1449854323715,0,System CPU Load,,0.0078125,,,true,0,0,0,0
1449854323717,0,Process CPU Load,,0.033854166666666664,,,true,0,0,0,0
1449854324722,0,System CPU Load,,0.0103359173126615,,,true,0,0,0,0
1449854324723,0,Process CPU Load,,0.03875968992248062,,,true,0,0,0,0
1449854325730,0,System CPU Load,,0.06561679790026247,,,true,0,0,0,0
1449854325731,0,Process CPU Load,,0.08157894736842106,,,true,0,0,0,0
1449854326736,0,System CPU Load,,0.00783289817232376,,,true,0,0,0,0
1449854326737,0,Process CPU Load,,0.03125,,,true,0,0,0,0
1449854327741,0,System CPU Load,,0.0,,,true,0,0,0,0
1449854327742,0,Process CPU Load,,0.020460358056265986,,,true,0,0,0,0
1449854328747,0,System CPU Load,,0.06735751295336788,,,true,0,0,0,0
1449854328749,0,Process CPU Load,,0.02857142857142857,,,true,0,0,0,0
1449854329753,0,System CPU Load,,0.09278350515463918,,,true,0,0,0,0
1449854329755,0,Process CPU Load,,0.030927835051546393,,,true,0,0,0,0
1449854330761,0,System CPU Load,,0.015625,,,true,0,0,0,0
1449854330762,0,Process CPU Load,,0.03376623376623377,,,true,0,0,0,0
1449854331765,0,System CPU Load,,0.007792207792207792,,,true,0,0,0,0
1449854331767,0,Process CPU Load,,0.03645833333333333,,,true,0,0,0,0
1449854332772,0,System CPU Load,,0.0026109660574412533,,,true,0,0,0,0
1449854332773,0,Process CPU Load,,0.03655352480417755,,,true,0,0,0,0
1449854333778,0,System CPU Load,,0.002583979328165375,,,true,0,0,0,0
1449854333780,0,Process CPU Load,,0.02583979328165375,,,true,0,0,0,0
1449854334785,0,System CPU Load,,0.0,,,true,0,0,0,0
1449854334786,0,Process CPU Load,,0.02849740932642487,,,true,0,0,0,0
1449854335792,0,System CPU Load,,0.036269430051813475,,,true,0,0,0,0
1449854335793,0,Process CPU Load,,0.03626943005181347,,,true,0,0,0,0
1449854336799,0,System CPU Load,,0.082687338501292,,,true,0,0,0,0
1449854336801,0,Process CPU Load,,0.02577319587628866,,,true,0,0,0,0
1449854337807,0,System CPU Load,,0.015306122448979591,,,true,0,0,0,0
1449854337809,0,Process CPU Load,,0.020460358056265986,,,true,0,0,0,0
1449854338814,0,System CPU Load,,0.007653061224489796,,,true,0,0,0,0
1449854338816,0,Process CPU Load,,0.028061224489795915,,,true,0,0,0,0
1449854339823,0,System CPU Load,,0.010256410256410256,,,true,0,0,0,0
1449854339824,0,Process CPU Load,,0.03076923076923077,,,true,0,0,0,0
1449854340830,0,System CPU Load,,0.09326424870466321,,,true,0,0,0,0
1449854340831,0,Process CPU Load,,0.07235142118863049,,,true,0,0,0,0
1449854341837,0,System CPU Load,,0.010309278350515464,,,true,0,0,0,0
1449854341839,0,Process CPU Load,,0.03092783505154639,,,true,0,0,0,0
1449854342843,0,System CPU Load,,0.020725388601036267,,,true,0,0,0,0
1449854342844,0,Process CPU Load,,0.04155844155844156,,,true,0,0,0,0
1449854343851,0,System CPU Load,,0.005154639175257732,,,true,0,0,0,0
1449854343854,0,Process CPU Load,,0.030848329048843187,,,true,0,0,0,0
1449854344857,0,System CPU Load,,0.0,,,true,0,0,0,0
1449854344858,0,Process CPU Load,,0.03385416666666667,,,true,0,0,0,0
1449854345861,0,System CPU Load,,0.0390625,,,true,0,0,0,0
1449854345862,0,Process CPU Load,,0.07272727272727272,,,true,0,0,0,0
1449854346867,0,System CPU Load,,0.0076726342710997444,,,true,0,0,0,0
1449854346868,0,Process CPU Load,,0.020460358056265983,,,true,0,0,0,0
1449854347874,0,System CPU Load,,0.010282776349614395,,,true,0,0,0,0
1449854347876,0,Process CPU Load,,0.03350515463917526,,,true,0,0,0,0
1449854348882,0,System CPU Load,,0.005154639175257732,,,true,0,0,0,0
1449854348883,0,Process CPU Load,,0.025706940874035987,,,true,0,0,0,0
1449854349888,0,System CPU Load,,0.007731958762886598,,,true,0,0,0,0
1449854349889,0,Process CPU Load,,0.03350515463917526,,,true,0,0,0,0
1449854350896,0,System CPU Load,,0.00516795865633075,,,true,0,0,0,0
1449854350897,0,Process CPU Load,,0.03359173126614987,,,true,0,0,0,0
1449854351901,0,System CPU Load,,0.0026041666666666665,,,true,0,0,0,0
1449854351903,0,Process CPU Load,,0.033942558746736295,,,true,0,0,0,0
1449854352908,0,System CPU Load,,0.005154639175257732,,,true,0,0,0,0
1449854352909,0,Process CPU Load,,0.02827763496143959,,,true,0,0,0,0
1449854353915,0,System CPU Load,,0.17829457364341086,,,true,0,0,0,0
1449854353916,0,Process CPU Load,,0.17829457364341084,,,true,0,0,0,0
1449854354922,0,System CPU Load,,0.04859335038363172,,,true,0,0,0,0
1449854354923,0,Process CPU Load,,0.0639386189258312,,,true,0,0,0,0
1449854355929,0,System CPU Load,,0.12727272727272726,,,true,0,0,0,0
1449854355930,0,Process CPU Load,,0.07552083333333333,,,true,0,0,0,0
1449854356937,0,System CPU Load,,0.010416666666666666,,,true,0,0,0,0
1449854356938,0,Process CPU Load,,0.03385416666666667,,,true,0,0,0,0
1449854357945,0,System CPU Load,,0.007751937984496124,,,true,0,0,0,0
1449854357946,0,Process CPU Load,,0.031007751937984496,,,true,0,0,0,0
1449854358952,0,System CPU Load,,0.048843187660668384,,,true,0,0,0,0
1449854358954,0,Process CPU Load,,0.02827763496143959,,,true,0,0,0,0
1449854359959,0,System CPU Load,,0.21374045801526717,,,true,0,0,0,0
1449854359960,0,Process CPU Load,,0.02035623409669211,,,true,0,0,0,0
1449854360967,0,System CPU Load,,0.4910941475826972,,,true,0,0,0,0
1449854360967,0,Process CPU Load,,0.20865139949109412,,,true,0,0,0,0
1449854361974,0,System CPU Load,,0.3002544529262086,,,true,0,0,0,0
1449854361975,0,Process CPU Load,,0.05343511450381679,,,true,0,0,0,0
1449854362981,0,System CPU Load,,0.2582278481012658,,,true,0,0,0,0
1449854362982,0,Process CPU Load,,0.017721518987341773,,,true,0,0,0,0
1449854363988,0,System CPU Load,,0.27621483375959077,,,true,0,0,0,0
1449854363989,0,Process CPU Load,,0.015306122448979591,,,true,0,0,0,0
1449854364993,0,System CPU Load,,0.2912371134020619,,,true,0,0,0,0
1449854364994,0,Process CPU Load,,0.10852713178294573,,,true,0,0,0,0
1449854365997,0,System CPU Load,,0.028205128205128206,,,true,0,0,0,0
1449854365998,0,Process CPU Load,,0.04603580562659847,,,true,0,0,0,0
1449854367004,0,System CPU Load,,0.007692307692307693,,,true,0,0,0,0
1449854367005,0,Process CPU Load,,0.030848329048843187,,,true,0,0,0,0
1449854368008,0,System CPU Load,,0.012987012987012988,,,true,0,0,0,0
1449854368009,0,Process CPU Load,,0.033766233766233764,,,true,0,0,0,0
1449854369013,0,System CPU Load,,0.10852713178294573,,,true,0,0,0,0
1449854369015,0,Process CPU Load,,0.12919896640826872,,,true,0,0,0,0
1449854370021,0,System CPU Load,,0.012919896640826874,,,true,0,0,0,0
1449854370024,0,Process CPU Load,,0.038560411311053984,,,true,0,0,0,0
1449854371030,0,System CPU Load,,0.3290488431876607,,,true,0,0,0,0
1449854371031,0,Process CPU Load,,0.37467700258397935,,,true,0,0,0,0
1449854372037,0,System CPU Load,,0.06459948320413436,,,true,0,0,0,0
1449854372038,0,Process CPU Load,,0.07235142118863049,,,true,0,0,0,0
1449854373044,0,System CPU Load,,0.08354430379746836,,,true,0,0,0,0
1449854373045,0,Process CPU Load,,0.07070707070707072,,,true,0,0,0,0
1449854374051,0,System CPU Load,,0.10432569974554708,,,true,0,0,0,0
1449854374053,0,Process CPU Load,,0.04336734693877551,,,true,0,0,0,0
1449854375059,0,System CPU Load,,0.0,,,true,0,0,0,0
1449854375060,0,Process CPU Load,,0.03367875647668394,,,true,0,0,0,0
1449854376066,0,System CPU Load,,0.048843187660668384,,,true,0,0,0,0
1449854376067,0,Process CPU Load,,0.06185567010309278,,,true,0,0,0,0
1449854377070,0,System CPU Load,,0.020460358056265986,,,true,0,0,0,0
1449854377070,0,Process CPU Load,,0.03580562659846547,,,true,0,0,0,0
1449854378076,0,System CPU Load,,0.005115089514066497,,,true,0,0,0,0
1449854378078,0,Process CPU Load,,0.028061224489795915,,,true,0,0,0,0
1449854379083,0,System CPU Load,,0.012919896640826874,,,true,0,0,0,0
1449854379085,0,Process CPU Load,,0.033591731266149866,,,true,0,0,0,0
1449854380090,0,System CPU Load,,0.002583979328165375,,,true,0,0,0,0
1449854380091,0,Process CPU Load,,0.031088082901554404,,,true,0,0,0,0
1449854381096,0,System CPU Load,,0.0025974025974025974,,,true,0,0,0,0
1449854381098,0,Process CPU Load,,0.038860103626943004,,,true,0,0,0,0
1449854382103,0,System CPU Load,,0.01288659793814433,,,true,0,0,0,0
1449854382104,0,Process CPU Load,,0.03617571059431524,,,true,0,0,0,0
1449854383106,0,System CPU Load,,0.14025974025974025,,,true,0,0,0,0
1449854383107,0,Process CPU Load,,0.14025974025974025,,,true,0,0,0,0
1449854765059,0,System CPU Load,,0.008065066856058019,,,true,0,0,0,0
1449854765069,0,Process CPU Load,,0.0379478004343135,,,true,0,0,0,0
1449854766075,0,System CPU Load,,0.09438775510204081,,,true,0,0,0,0
1449854766076,0,Process CPU Load,,0.09768637532133675,,,true,0,0,0,0
1449854767082,0,System CPU Load,,0.0026041666666666665,,,true,0,0,0,0
1449854767084,0,Process CPU Load,,0.0390625,,,true,0,0,0,0
1449854768089,0,System CPU Load,,0.013020833333333332,,,true,0,0,0,0
1449854768090,0,Process CPU Load,,0.0390625,,,true,0,0,0,0
1449854769096,0,System CPU Load,,0.007751937984496124,,,true,0,0,0,0
1449854769097,0,Process CPU Load,,0.03626943005181347,,,true,0,0,0,0
1449854770103,0,System CPU Load,,0.007792207792207792,,,true,0,0,0,0
1449854770104,0,Process CPU Load,,0.04155844155844156,,,true,0,0,0,0
1449854771107,0,System CPU Load,,0.0078125,,,true,0,0,0,0
1449854771108,0,Process CPU Load,,0.0390625,,,true,0,0,0,0
1449854772114,0,System CPU Load,,0.005221932114882507,,,true,0,0,0,0
1449854772115,0,Process CPU Load,,0.0390625,,,true,0,0,0,0
1449854773120,0,System CPU Load,,0.0078125,,,true,0,0,0,0
1449854773122,0,Process CPU Load,,0.044386422976501305,,,true,0,0,0,0
1449854774129,0,System CPU Load,,0.0026041666666666665,,,true,0,0,0,0
1449854774131,0,Process CPU Load,,0.03896103896103896,,,true,0,0,0,0
1449854775137,0,System CPU Load,,0.0390625,,,true,0,0,0,0
1449854775139,0,Process CPU Load,,0.06788511749347258,,,true,0,0,0,0
1449854776144,0,System CPU Load,,0.0706806282722513,,,true,0,0,0,0
1449854776145,0,Process CPU Load,,0.09947643979057592,,,true,0,0,0,0
1449854777149,0,System CPU Load,,0.005154639175257732,,,true,0,0,0,0
1449854777150,0,Process CPU Load,,0.03092783505154639,,,true,0,0,0,0
1449854778155,0,System CPU Load,,0.0025380710659898475,,,true,0,0,0,0
1449854778156,0,Process CPU Load,,0.017766497461928932,,,true,0,0,0,0
1449854779161,0,System CPU Load,,0.0,,,true,0,0,0,0
1449854779163,0,Process CPU Load,,0.02570694087403599,,,true,0,0,0,0
1449854780169,0,System CPU Load,,0.002583979328165375,,,true,0,0,0,0
1449854780171,0,Process CPU Load,,0.03350515463917526,,,true,0,0,0,0
1449854781178,0,System CPU Load,,0.010362694300518135,,,true,0,0,0,0
1449854781179,0,Process CPU Load,,0.04155844155844156,,,true,0,0,0,0
1449854782186,0,System CPU Load,,0.0051813471502590676,,,true,0,0,0,0
1449854782187,0,Process CPU Load,,0.036269430051813475,,,true,0,0,0,0
1449854783193,0,System CPU Load,,0.0025906735751295338,,,true,0,0,0,0
1449854783195,0,Process CPU Load,,0.03617571059431525,,,true,0,0,0,0
1449854784200,0,System CPU Load,,0.00516795865633075,,,true,0,0,0,0
1449854784202,0,Process CPU Load,,0.03367875647668394,,,true,0,0,0,0
1449854785207,0,System CPU Load,,0.005221932114882507,,,true,0,0,0,0
1449854785209,0,Process CPU Load,,0.044386422976501305,,,true,0,0,0,0
1449854786215,0,System CPU Load,,0.0025974025974025974,,,true,0,0,0,0
1449854786216,0,Process CPU Load,,0.03626943005181347,,,true,0,0,0,0
1449854787222,0,System CPU Load,,0.002564102564102564,,,true,0,0,0,0
1449854787223,0,Process CPU Load,,0.02564102564102564,,,true,0,0,0,0
1449854788228,0,System CPU Load,,0.012755102040816327,,,true,0,0,0,0
1449854788230,0,Process CPU Load,,0.030690537084398978,,,true,0,0,0,0
1449854789236,0,System CPU Load,,0.002583979328165375,,,true,0,0,0,0
1449854789237,0,Process CPU Load,,0.03617571059431524,,,true,0,0,0,0
1449854790243,0,System CPU Load,,0.05454545454545455,,,true,0,0,0,0
1449854790245,0,Process CPU Load,,0.07012987012987013,,,true,0,0,0,0
1449854791251,0,System CPU Load,,0.007731958762886598,,,true,0,0,0,0
1449854791253,0,Process CPU Load,,0.033419023136246784,,,true,0,0,0,0
1449854792259,0,System CPU Load,,0.0025974025974025974,,,true,0,0,0,0
1449854792261,0,Process CPU Load,,0.033766233766233764,,,true,0,0,0,0
1449854793267,0,System CPU Load,,0.010256410256410256,,,true,0,0,0,0
1449854793268,0,Process CPU Load,,0.03598971722365038,,,true,0,0,0,0
1449854794274,0,System CPU Load,,0.03367875647668394,,,true,0,0,0,0
1449854794275,0,Process CPU Load,,0.08549222797927461,,,true,0,0,0,0
1449854795281,0,System CPU Load,,0.15721649484536082,,,true,0,0,0,0
1449854795282,0,Process CPU Load,,0.1288659793814433,,,true,0,0,0,0
1449854796289,0,System CPU Load,,0.056410256410256404,,,true,0,0,0,0
1449854796290,0,Process CPU Load,,0.0741687979539642,,,true,0,0,0,0
1449854797296,0,System CPU Load,,0.010256410256410256,,,true,0,0,0,0
1449854797297,0,Process CPU Load,,0.02564102564102564,,,true,0,0,0,0
1449854798303,0,System CPU Load,,0.002583979328165375,,,true,0,0,0,0
1449854798304,0,Process CPU Load,,0.031088082901554404,,,true,0,0,0,0
1449854799311,0,System CPU Load,,0.005208333333333333,,,true,0,0,0,0
1449854799313,0,Process CPU Load,,0.04155844155844156,,,true,0,0,0,0
1449854800319,0,System CPU Load,,0.002583979328165375,,,true,0,0,0,0
1449854800321,0,Process CPU Load,,0.03367875647668394,,,true,0,0,0,0
1449854801327,0,System CPU Load,,0.005115089514066497,,,true,0,0,0,0
1449854801328,0,Process CPU Load,,0.028061224489795915,,,true,0,0,0,0
1449854802334,0,System CPU Load,,0.005128205128205128,,,true,0,0,0,0
1449854802335,0,Process CPU Load,,0.02564102564102564,,,true,0,0,0,0
1449854803340,0,System CPU Load,,0.0,,,true,0,0,0,0
1449854803341,0,Process CPU Load,,0.02570694087403599,,,true,0,0,0,0
1449854804347,0,System CPU Load,,0.2363636363636364,,,true,0,0,0,0
1449854804348,0,Process CPU Load,,0.2181818181818182,,,true,0,0,0,0
1449854805355,0,System CPU Load,,0.11627906976744186,,,true,0,0,0,0
1449854805356,0,Process CPU Load,,0.11597938144329897,,,true,0,0,0,0
1449854806362,0,System CPU Load,,0.0025380710659898475,,,true,0,0,0,0
1449854806363,0,Process CPU Load,,0.02035623409669211,,,true,0,0,0,0
1449854807368,0,System CPU Load,,0.0391644908616188,,,true,0,0,0,0
1449854807369,0,Process CPU Load,,0.0703125,,,true,0,0,0,0
1449854808376,0,System CPU Load,,0.04627249357326478,,,true,0,0,0,0
1449854808377,0,Process CPU Load,,0.06185567010309278,,,true,0,0,0,0
1449854809384,0,System CPU Load,,0.04081632653061225,,,true,0,0,0,0
1449854809385,0,Process CPU Load,,0.061224489795918366,,,true,0,0,0,0
1449854810389,0,System CPU Load,,0.007772020725388601,,,true,0,0,0,0
1449854810390,0,Process CPU Load,,0.02842377260981912,,,true,0,0,0,0
1449854811396,0,System CPU Load,,0.005115089514066497,,,true,0,0,0,0
1449854811398,0,Process CPU Load,,0.02557544757033248,,,true,0,0,0,0
1449854812403,0,System CPU Load,,0.025839793281653745,,,true,0,0,0,0
1449854812404,0,Process CPU Load,,0.0516795865633075,,,true,0,0,0,0
1449854813411,0,System CPU Load,,0.04871794871794871,,,true,0,0,0,0
1449854813412,0,Process CPU Load,,0.06666666666666667,,,true,0,0,0,0
1449854814419,0,System CPU Load,,0.002583979328165375,,,true,0,0,0,0
1449854814420,0,Process CPU Load,,0.03359173126614987,,,true,0,0,0,0
1449854815427,0,System CPU Load,,0.010256410256410256,,,true,0,0,0,0
1449854815429,0,Process CPU Load,,0.030848329048843187,,,true,0,0,0,0
1449854816432,0,System CPU Load,,0.00516795865633075,,,true,0,0,0,0
1449854816434,0,Process CPU Load,,0.03359173126614987,,,true,0,0,0,0
1449854817439,0,System CPU Load,,0.07712082262210797,,,true,0,0,0,0
1449854817440,0,Process CPU Load,,0.10539845758354756,,,true,0,0,0,0
1449854818443,0,System CPU Load,,0.04627249357326478,,,true,0,0,0,0
1449854818445,0,Process CPU Load,,0.061696658097686374,,,true,0,0,0,0
1449854819451,0,System CPU Load,,0.11989795918367346,,,true,0,0,0,0
1449854819452,0,Process CPU Load,,0.05343511450381679,,,true,0,0,0,0
1449854820458,0,System CPU Load,,0.07329842931937172,,,true,0,0,0,0
1449854820459,0,Process CPU Load,,0.09399477806788512,,,true,0,0,0,0
1449854821465,0,System CPU Load,,0.015306122448979591,,,true,0,0,0,0
1449854821467,0,Process CPU Load,,0.03076923076923077,,,true,0,0,0,0
1449854822472,0,System CPU Load,,0.005128205128205128,,,true,0,0,0,0
1449854822473,0,Process CPU Load,,0.025575447570332484,,,true,0,0,0,0
1449854823479,0,System CPU Load,,0.012787723785166242,,,true,0,0,0,0
1449854823479,0,Process CPU Load,,0.03580562659846548,,,true,0,0,0,0
1449854824485,0,System CPU Load,,0.002544529262086514,,,true,0,0,0,0
1449854824486,0,Process CPU Load,,0.020356234096692113,,,true,0,0,0,0
1449854825491,0,System CPU Load,,0.01295336787564767,,,true,0,0,0,0
1449854825494,0,Process CPU Load,,0.03367875647668394,,,true,0,0,0,0
1449854826498,0,System CPU Load,,0.038167938931297704,,,true,0,0,0,0
1449854826499,0,Process CPU Load,,0.05102040816326531,,,true,0,0,0,0
1449854827505,0,System CPU Load,,0.043147208121827416,,,true,0,0,0,0
1449854827506,0,Process CPU Load,,0.053164556962025315,,,true,0,0,0,0
1449854828509,0,System CPU Load,,0.005128205128205128,,,true,0,0,0,0
1449854828510,0,Process CPU Load,,0.023076923076923078,,,true,0,0,0,0
1449854829517,0,System CPU Load,,0.007751937984496124,,,true,0,0,0,0
1449854829519,0,Process CPU Load,,0.03875968992248062,,,true,0,0,0,0
1449854830524,0,System CPU Load,,0.0026041666666666665,,,true,0,0,0,0
1449854830525,0,Process CPU Load,,0.03655352480417755,,,true,0,0,0,0
1449854831532,0,System CPU Load,,0.002583979328165375,,,true,0,0,0,0
1449854831532,0,Process CPU Load,,0.03617571059431524,,,true,0,0,0,0
1449854832537,0,System CPU Load,,0.03125,,,true,0,0,0,0
1449854832539,0,Process CPU Load,,0.05974025974025974,,,true,0,0,0,0
1449854833545,0,System CPU Load,,0.005194805194805195,,,true,0,0,0,0
1449854833547,0,Process CPU Load,,0.03896103896103896,,,true,0,0,0,0
1449854834551,0,System CPU Load,,0.0026041666666666665,,,true,0,0,0,0
1449854834553,0,Process CPU Load,,0.036458333333333336,,,true,0,0,0,0
1449854835559,0,System CPU Load,,0.3026315789473684,,,true,0,0,0,0
1449854835560,0,Process CPU Load,,0.32631578947368417,,,true,0,0,0,0
1449854836565,0,System CPU Load,,0.2551546391752577,,,true,0,0,0,0
1449854836567,0,Process CPU Load,,0.2724935732647815,,,true,0,0,0,0
1449854837573,0,System CPU Load,,0.02313624678663239,,,true,0,0,0,0
1449854837574,0,Process CPU Load,,0.04392764857881137,,,true,0,0,0,0
1449854838581,0,System CPU Load,,0.005194805194805195,,,true,0,0,0,0
1449854838582,0,Process CPU Load,,0.038860103626943004,,,true,0,0,0,0
1449854839587,0,System CPU Load,,0.007792207792207792,,,true,0,0,0,0
1449854839588,0,Process CPU Load,,0.0390625,,,true,0,0,0,0
1449854840593,0,System CPU Load,,0.02849740932642487,,,true,0,0,0,0
1449854840594,0,Process CPU Load,,0.054404145077720206,,,true,0,0,0,0
1449854841599,0,System CPU Load,,0.0,,,true,0,0,0,0
1449854841600,0,Process CPU Load,,0.03645833333333333,,,true,0,0,0,0
1449854842606,0,System CPU Load,,0.002617801047120419,,,true,0,0,0,0
1449854842608,0,Process CPU Load,,0.041884816753926704,,,true,0,0,0,0
1449854843612,0,System CPU Load,,0.0051813471502590676,,,true,0,0,0,0
1449854843613,0,Process CPU Load,,0.03636363636363636,,,true,0,0,0,0
1449854844617,0,System CPU Load,,0.0,,,true,0,0,0,0
1449854844619,0,Process CPU Load,,0.03916449086161879,,,true,0,0,0,0
1449854845624,0,System CPU Load,,0.005194805194805195,,,true,0,0,0,0
1449854845626,0,Process CPU Load,,0.0390625,,,true,0,0,0,0
1449854846632,0,System CPU Load,,0.13265306122448978,,,true,0,0,0,0
1449854846633,0,Process CPU Load,,0.16581632653061223,,,true,0,0,0,0
1449854847638,0,System CPU Load,,0.005141388174807198,,,true,0,0,0,0
1449854847639,0,Process CPU Load,,0.020512820512820513,,,true,0,0,0,0
1449854848644,0,System CPU Load,,0.0,,,true,0,0,0,0
1449854848645,0,Process CPU Load,,0.03664921465968587,,,true,0,0,0,0
1449854849651,0,System CPU Load,,0.0025906735751295338,,,true,0,0,0,0
1449854849653,0,Process CPU Load,,0.03367875647668394,,,true,0,0,0,0
1449854850659,0,System CPU Load,,0.10052910052910052,,,true,0,0,0,0
1449854850661,0,Process CPU Load,,0.12698412698412698,,,true,0,0,0,0
1449854851667,0,System CPU Load,,0.007792207792207792,,,true,0,0,0,0
1449854851669,0,Process CPU Load,,0.036458333333333336,,,true,0,0,0,0
1449854852676,0,System CPU Load,,0.005208333333333333,,,true,0,0,0,0
1449854852678,0,Process CPU Load,,0.04155844155844156,,,true,0,0,0,0
1449854853684,0,System CPU Load,,0.01808785529715762,,,true,0,0,0,0
1449854853685,0,Process CPU Load,,0.04922279792746114,,,true,0,0,0,0
1449854854688,0,System CPU Load,,0.0,,,true,0,0,0,0
1449854854690,0,Process CPU Load,,0.03655352480417755,,,true,0,0,0,0
1449854855695,0,System CPU Load,,0.010362694300518135,,,true,0,0,0,0
1449854855697,0,Process CPU Load,,0.038860103626943004,,,true,0,0,0,0
1449854856701,0,System CPU Load,,0.005208333333333333,,,true,0,0,0,0
1449854856702,0,Process CPU Load,,0.03896103896103896,,,true,0,0,0,0
1449854857705,0,System CPU Load,,0.005194805194805195,,,true,0,0,0,0
1449854857707,0,Process CPU Load,,0.03636363636363636,,,true,0,0,0,0
1449854858709,0,System CPU Load,,0.005221932114882507,,,true,0,0,0,0
1449854858711,0,Process CPU Load,,0.041884816753926704,,,true,0,0,0,0
1449854859717,0,System CPU Load,,0.007792207792207792,,,true,0,0,0,0
1449854859718,0,Process CPU Load,,0.04145077720207254,,,true,0,0,0,0
1449854860722,0,System CPU Load,,0.025974025974025976,,,true,0,0,0,0
1449854860724,0,Process CPU Load,,0.057291666666666664,,,true,0,0,0,0
1449854861730,0,System CPU Load,,0.005235602094240838,,,true,0,0,0,0
1449854861732,0,Process CPU Load,,0.04177545691906005,,,true,0,0,0,0
1449854862737,0,System CPU Load,,0.01038961038961039,,,true,0,0,0,0
1449854862739,0,Process CPU Load,,0.04155844155844156,,,true,0,0,0,0
1449854863741,0,System CPU Load,,0.0026109660574412533,,,true,0,0,0,0
1449854863743,0,Process CPU Load,,0.03655352480417755,,,true,0,0,0,0
1449854864748,0,System CPU Load,,0.0051813471502590676,,,true,0,0,0,0
1449854864749,0,Process CPU Load,,0.038860103626943004,,,true,0,0,0,0
1449854865752,0,System CPU Load,,0.06914893617021277,,,true,0,0,0,0
1449854865754,0,Process CPU Load,,0.10666666666666666,,,true,0,0,0,0
1449854866760,0,System CPU Load,,0.0025974025974025974,,,true,0,0,0,0
1449854866761,0,Process CPU Load,,0.03636363636363636,,,true,0,0,0,0
1449854867767,0,System CPU Load,,0.010362694300518135,,,true,0,0,0,0
1449854867768,0,Process CPU Load,,0.03875968992248062,,,true,0,0,0,0
1449854868774,0,System CPU Load,,0.0,,,true,0,0,0,0
1449854868774,0,Process CPU Load,,0.03636363636363636,,,true,0,0,0,0
1449854869781,0,System CPU Load,,0.0025380710659898475,,,true,0,0,0,0
1449854869782,0,Process CPU Load,,0.017766497461928935,,,true,0,0,0,0
1449854870789,0,System CPU Load,,0.0026109660574412533,,,true,0,0,0,0
1449854870790,0,Process CPU Load,,0.04166666666666667,,,true,0,0,0,0
1449854871797,0,System CPU Load,,0.01282051282051282,,,true,0,0,0,0
1449854871798,0,Process CPU Load,,0.03608247422680413,,,true,0,0,0,0
1449854872803,0,System CPU Load,,0.23255813953488375,,,true,0,0,0,0
1449854872804,0,Process CPU Load,,0.19896640826873385,,,true,0,0,0,0
1449855114837,0,System CPU Load,,0.009732570588171683,,,true,0,0,0,0
1449855114846,0,Process CPU Load,,0.04191403081914031,,,true,0,0,0,0
1449855115852,0,System CPU Load,,0.09390862944162437,,,true,0,0,0,0
1449855115853,0,Process CPU Load,,0.09438775510204081,,,true,0,0,0,0
1449855116858,0,System CPU Load,,0.007633587786259542,,,true,0,0,0,0
1449855116860,0,Process CPU Load,,0.02284263959390863,,,true,0,0,0,0
1449855117865,0,System CPU Load,,0.01295336787564767,,,true,0,0,0,0
1449855117866,0,Process CPU Load,,0.033766233766233764,,,true,0,0,0,0
1449855118871,0,System CPU Load,,0.007792207792207792,,,true,0,0,0,0
1449855118873,0,Process CPU Load,,0.036269430051813475,,,true,0,0,0,0
1449855119876,0,System CPU Load,,0.0026041666666666665,,,true,0,0,0,0
1449855119877,0,Process CPU Load,,0.03655352480417755,,,true,0,0,0,0
1449855120879,0,System CPU Load,,0.2571428571428571,,,true,0,0,0,0
1449855120882,0,Process CPU Load,,0.2875647668393782,,,true,0,0,0,0
1449855121887,0,System CPU Load,,0.10256410256410256,,,true,0,0,0,0
1449855121888,0,Process CPU Load,,0.14395886889460155,,,true,0,0,0,0
1449855122895,0,System CPU Load,,0.0051813471502590676,,,true,0,0,0,0
1449855122896,0,Process CPU Load,,0.0,,,true,0,0,0,0
1449855123899,0,System CPU Load,,0.0025974025974025974,,,true,0,0,0,0
1449855123900,0,Process CPU Load,,0.052083333333333336,,,true,0,0,0,0
1449855124907,0,System CPU Load,,0.007751937984496124,,,true,0,0,0,0
1449855124908,0,Process CPU Load,,0.020618556701030927,,,true,0,0,0,0
1449855125914,0,System CPU Load,,0.0,,,true,0,0,0,0
1449855125916,0,Process CPU Load,,0.025974025974025976,,,true,0,0,0,0
1449855126922,0,System CPU Load,,0.002583979328165375,,,true,0,0,0,0
1449855126923,0,Process CPU Load,,0.031007751937984496,,,true,0,0,0,0
1449855127929,0,System CPU Load,,0.002583979328165375,,,true,0,0,0,0
1449855127931,0,Process CPU Load,,0.03617571059431524,,,true,0,0,0,0
1449855128933,0,System CPU Load,,0.0,,,true,0,0,0,0
1449855128934,0,Process CPU Load,,0.03664921465968586,,,true,0,0,0,0
1449855129938,0,System CPU Load,,0.00516795865633075,,,true,0,0,0,0
1449855129939,0,Process CPU Load,,0.03350515463917526,,,true,0,0,0,0
1449855130946,0,System CPU Load,,0.010309278350515464,,,true,0,0,0,0
1449855130947,0,Process CPU Load,,0.03608247422680412,,,true,0,0,0,0
1449855131954,0,System CPU Load,,0.007731958762886598,,,true,0,0,0,0
1449855131955,0,Process CPU Load,,0.033591731266149866,,,true,0,0,0,0
1449855132961,0,System CPU Load,,0.005194805194805195,,,true,0,0,0,0
1449855132963,0,Process CPU Load,,0.036269430051813475,,,true,0,0,0,0
1449855133967,0,System CPU Load,,0.007751937984496124,,,true,0,0,0,0
1449855133968,0,Process CPU Load,,0.03617571059431525,,,true,0,0,0,0
1449855134974,0,System CPU Load,,0.002583979328165375,,,true,0,0,0,0
1449855134976,0,Process CPU Load,,0.033591731266149866,,,true,0,0,0,0
1449855135982,0,System CPU Load,,0.046632124352331605,,,true,0,0,0,0
1449855135983,0,Process CPU Load,,0.06753246753246753,,,true,0,0,0,0
1449855136989,0,System CPU Load,,0.0025575447570332483,,,true,0,0,0,0
1449855136991,0,Process CPU Load,,0.020408163265306124,,,true,0,0,0,0
1449855137997,0,System CPU Load,,0.0025575447570332483,,,true,0,0,0,0
1449855137998,0,Process CPU Load,,0.028132992327365727,,,true,0,0,0,0
1449855139004,0,System CPU Load,,0.01015228426395939,,,true,0,0,0,0
1449855139005,0,Process CPU Load,,0.025380710659898477,,,true,0,0,0,0
1449855140007,0,System CPU Load,,0.0025906735751295338,,,true,0,0,0,0
1449855140008,0,Process CPU Load,,0.03116883116883117,,,true,0,0,0,0
1449855141014,0,System CPU Load,,0.007712082262210797,,,true,0,0,0,0
1449855141015,0,Process CPU Load,,0.030848329048843187,,,true,0,0,0,0
1449855142020,0,System CPU Load,,0.005141388174807198,,,true,0,0,0,0
1449855142022,0,Process CPU Load,,0.030848329048843187,,,true,0,0,0,0
1449855143027,0,System CPU Load,,0.007731958762886598,,,true,0,0,0,0
1449855143028,0,Process CPU Load,,0.033419023136246784,,,true,0,0,0,0
1449855144034,0,System CPU Load,,0.002577319587628866,,,true,0,0,0,0
1449855144035,0,Process CPU Load,,0.030927835051546393,,,true,0,0,0,0
1449855145041,0,System CPU Load,,0.03636363636363636,,,true,0,0,0,0
1449855145042,0,Process CPU Load,,0.07792207792207792,,,true,0,0,0,0
1449855146047,0,System CPU Load,,0.14652956298200515,,,true,0,0,0,0
1449855146048,0,Process CPU Load,,0.12596401028277635,,,true,0,0,0,0
1449855147053,0,System CPU Load,,0.04113110539845759,,,true,0,0,0,0
1449855147055,0,Process CPU Load,,0.06443298969072164,,,true,0,0,0,0
1449855148061,0,System CPU Load,,0.007731958762886598,,,true,0,0,0,0
1449855148063,0,Process CPU Load,,0.02557544757033248,,,true,0,0,0,0
1449855149070,0,System CPU Load,,0.01020408163265306,,,true,0,0,0,0
1449855149071,0,Process CPU Load,,0.03076923076923077,,,true,0,0,0,0
1449855150077,0,System CPU Load,,0.04427083333333333,,,true,0,0,0,0
1449855150079,0,Process CPU Load,,0.0625,,,true,0,0,0,0
1449855151085,0,System CPU Load,,0.37435897435897436,,,true,0,0,0,0
1449855151087,0,Process CPU Load,,0.4769230769230769,,,true,0,0,0,0
1449855152090,0,System CPU Load,,0.0051813471502590676,,,true,0,0,0,0
1449855152092,0,Process CPU Load,,0.0,,,true,0,0,0,0
1449855153095,0,System CPU Load,,0.0026041666666666665,,,true,0,0,0,0
1449855153096,0,Process CPU Load,,0.0,,,true,0,0,0,0
1449855154102,0,System CPU Load,,0.2265625,,,true,0,0,0,0
1449855154103,0,Process CPU Load,,0.22916666666666666,,,true,0,0,0,0
1449855155110,0,System CPU Load,,0.028205128205128206,,,true,0,0,0,0
1449855155111,0,Process CPU Load,,0.03333333333333333,,,true,0,0,0,0
1449855156116,0,System CPU Load,,0.015384615384615385,,,true,0,0,0,0
1449855156117,0,Process CPU Load,,0.02056555269922879,,,true,0,0,0,0
1449855157123,0,System CPU Load,,0.012919896640826874,,,true,0,0,0,0
1449855157124,0,Process CPU Load,,0.033591731266149866,,,true,0,0,0,0
1449855158129,0,System CPU Load,,0.00516795865633075,,,true,0,0,0,0
1449855158130,0,Process CPU Load,,0.03359173126614987,,,true,0,0,0,0
1449855159132,0,System CPU Load,,0.057441253263707574,,,true,0,0,0,0
1449855159133,0,Process CPU Load,,0.08616187989556134,,,true,0,0,0,0
1449855160139,0,System CPU Load,,0.027918781725888325,,,true,0,0,0,0
1449855160140,0,Process CPU Load,,0.043037974683544304,,,true,0,0,0,0
1449855161144,0,System CPU Load,,0.005089058524173028,,,true,0,0,0,0
1449855161145,0,Process CPU Load,,0.017811704834605598,,,true,0,0,0,0
1449855162151,0,System CPU Load,,0.002564102564102564,,,true,0,0,0,0
1449855162153,0,Process CPU Load,,0.02827763496143959,,,true,0,0,0,0
1449855163159,0,System CPU Load,,0.07455012853470437,,,true,0,0,0,0
1449855163160,0,Process CPU Load,,0.08997429305912596,,,true,0,0,0,0
1449855164165,0,System CPU Load,,0.012987012987012988,,,true,0,0,0,0
1449855164166,0,Process CPU Load,,0.02849740932642487,,,true,0,0,0,0
1449855165170,0,System CPU Load,,0.08376963350785341,,,true,0,0,0,0
1449855165172,0,Process CPU Load,,0.10704960835509139,,,true,0,0,0,0
1449855166177,0,System CPU Load,,0.018134715025906734,,,true,0,0,0,0
1449855166179,0,Process CPU Load,,0.046753246753246755,,,true,0,0,0,0
1449855167185,0,System CPU Load,,0.06443298969072166,,,true,0,0,0,0
1449855167186,0,Process CPU Load,,0.09043927648578812,,,true,0,0,0,0
1449855168189,0,System CPU Load,,0.0641025641025641,,,true,0,0,0,0
1449855168190,0,Process CPU Load,,0.08205128205128205,,,true,0,0,0,0
1449855169197,0,System CPU Load,,0.09462915601023018,,,true,0,0,0,0
1449855169198,0,Process CPU Load,,0.03836317135549872,,,true,0,0,0,0
1449855170204,0,System CPU Load,,0.0,,,true,0,0,0,0
1449855170206,0,Process CPU Load,,0.03896103896103896,,,true,0,0,0,0
1449855171212,0,System CPU Load,,0.0103359173126615,,,true,0,0,0,0
1449855171213,0,Process CPU Load,,0.028497409326424868,,,true,0,0,0,0
1449855172219,0,System CPU Load,,0.007692307692307693,,,true,0,0,0,0
1449855172220,0,Process CPU Load,,0.028132992327365727,,,true,0,0,0,0
1449855173226,0,System CPU Load,,0.0,,,true,0,0,0,0
1449855173227,0,Process CPU Load,,0.025706940874035987,,,true,0,0,0,0
1449855174233,0,System CPU Load,,0.007751937984496124,,,true,0,0,0,0
1449855174234,0,Process CPU Load,,0.03896103896103896,,,true,0,0,0,0
1449855175240,0,System CPU Load,,0.00516795865633075,,,true,0,0,0,0
1449855175241,0,Process CPU Load,,0.03350515463917526,,,true,0,0,0,0
1449855176248,0,System CPU Load,,0.04859335038363172,,,true,0,0,0,0
1449855176249,0,Process CPU Load,,0.061381074168797956,,,true,0,0,0,0
1449855177256,0,System CPU Load,,0.0076142131979695426,,,true,0,0,0,0
1449855177257,0,Process CPU Load,,0.02284263959390863,,,true,0,0,0,0
1449855178263,0,System CPU Load,,0.005208333333333333,,,true,0,0,0,0
1449855178264,0,Process CPU Load,,0.03655352480417755,,,true,0,0,0,0
1449855179270,0,System CPU Load,,0.0051813471502590676,,,true,0,0,0,0
1449855179272,0,Process CPU Load,,0.03626943005181347,,,true,0,0,0,0
1449855180277,0,System CPU Load,,0.08115183246073299,,,true,0,0,0,0
1449855180277,0,Process CPU Load,,0.09399477806788512,,,true,0,0,0,0
1449855181280,0,System CPU Load,,0.03626943005181347,,,true,0,0,0,0
1449855181281,0,Process CPU Load,,0.06493506493506493,,,true,0,0,0,0
1449855182287,0,System CPU Load,,0.0,,,true,0,0,0,0
1449855182288,0,Process CPU Load,,0.033766233766233764,,,true,0,0,0,0
1449855183293,0,System CPU Load,,0.033942558746736295,,,true,0,0,0,0
1449855183294,0,Process CPU Load,,0.0625,,,true,0,0,0,0
1449855184300,0,System CPU Load,,0.02564102564102564,,,true,0,0,0,0
1449855184301,0,Process CPU Load,,0.08226221079691516,,,true,0,0,0,0
1449855185308,0,System CPU Load,,0.05912596401028278,,,true,0,0,0,0
1449855185310,0,Process CPU Load,,0.04884318766066838,,,true,0,0,0,0
1449855186316,0,System CPU Load,,0.007772020725388601,,,true,0,0,0,0
1449855186317,0,Process CPU Load,,0.036269430051813475,,,true,0,0,0,0
1449855187323,0,System CPU Load,,0.007731958762886598,,,true,0,0,0,0
1449855187324,0,Process CPU Load,,0.03350515463917526,,,true,0,0,0,0
1449855188326,0,System CPU Load,,0.04415584415584416,,,true,0,0,0,0
1449855188327,0,Process CPU Load,,0.07253886010362694,,,true,0,0,0,0
1449855189330,0,System CPU Load,,0.0025906735751295338,,,true,0,0,0,0
1449855189331,0,Process CPU Load,,0.03636363636363636,,,true,0,0,0,0
1449855190337,0,System CPU Load,,0.0025906735751295338,,,true,0,0,0,0
1449855190339,0,Process CPU Load,,0.03359173126614987,,,true,0,0,0,0
1449855191344,0,System CPU Load,,0.005154639175257732,,,true,0,0,0,0
1449855191345,0,Process CPU Load,,0.031007751937984496,,,true,0,0,0,0
1449855192348,0,System CPU Load,,0.005194805194805195,,,true,0,0,0,0
1449855192349,0,Process CPU Load,,0.03636363636363636,,,true,0,0,0,0
1449855193355,0,System CPU Load,,0.0025906735751295338,,,true,0,0,0,0
1449855193356,0,Process CPU Load,,0.03359173126614987,,,true,0,0,0,0
1449855194362,0,System CPU Load,,0.00516795865633075,,,true,0,0,0,0
1449855194364,0,Process CPU Load,,0.03626943005181347,,,true,0,0,0,0
1449855195370,0,System CPU Load,,0.06994818652849741,,,true,0,0,0,0
1449855195371,0,Process CPU Load,,0.08010335917312661,,,true,0,0,0,0
1449855196376,0,System CPU Load,,0.028205128205128206,,,true,0,0,0,0
1449855196378,0,Process CPU Load,,0.053984575835475584,,,true,0,0,0,0
1449855197384,0,System CPU Load,,0.005154639175257732,,,true,0,0,0,0
1449855197385,0,Process CPU Load,,0.030927835051546393,,,true,0,0,0,0
1449855198388,0,System CPU Load,,0.0026041666666666665,,,true,0,0,0,0
1449855198390,0,Process CPU Load,,0.036458333333333336,,,true,0,0,0,0
1449855199396,0,System CPU Load,,0.002583979328165375,,,true,0,0,0,0
1449855199397,0,Process CPU Load,,0.033591731266149866,,,true,0,0,0,0
1449855200403,0,System CPU Load,,0.0025906735751295338,,,true,0,0,0,0
1449855200404,0,Process CPU Load,,0.03626943005181347,,,true,0,0,0,0
1449855201406,0,System CPU Load,,0.0051813471502590676,,,true,0,0,0,0
1449855201407,0,Process CPU Load,,0.031088082901554404,,,true,0,0,0,0
1449855202417,0,System CPU Load,,0.033419023136246784,,,true,0,0,0,0
1449855202419,0,Process CPU Load,,0.058823529411764705,,,true,0,0,0,0
1449855203425,0,System CPU Load,,0.010256410256410256,,,true,0,0,0,0
1449855203426,0,Process CPU Load,,0.033419023136246784,,,true,0,0,0,0
1449855204432,0,System CPU Load,,0.005154639175257732,,,true,0,0,0,0
1449855204434,0,Process CPU Load,,0.03608247422680412,,,true,0,0,0,0
1449855205439,0,System CPU Load,,0.002570694087403599,,,true,0,0,0,0
1449855205440,0,Process CPU Load,,0.025706940874035987,,,true,0,0,0,0
1449855206446,0,System CPU Load,,0.005089058524173028,,,true,0,0,0,0
1449855206447,0,Process CPU Load,,0.02544529262086514,,,true,0,0,0,0
1449855207454,0,System CPU Load,,0.002570694087403599,,,true,0,0,0,0
1449855207455,0,Process CPU Load,,0.02827763496143959,,,true,0,0,0,0
1449855208462,0,System CPU Load,,0.043589743589743594,,,true,0,0,0,0
1449855208463,0,Process CPU Load,,0.06649616368286446,,,true,0,0,0,0
1449855209469,0,System CPU Load,,0.002577319587628866,,,true,0,0,0,0
1449855209470,0,Process CPU Load,,0.031088082901554404,,,true,0,0,0,0
1449855210476,0,System CPU Load,,0.0703125,,,true,0,0,0,0
1449855210477,0,Process CPU Load,,0.08831168831168831,,,true,0,0,0,0
1449855211480,0,System CPU Load,,0.007731958762886598,,,true,0,0,0,0
1449855211482,0,Process CPU Load,,0.03350515463917526,,,true,0,0,0,0
1449855212485,0,System CPU Load,,0.0051813471502590676,,,true,0,0,0,0
1449855212487,0,Process CPU Load,,0.031088082901554404,,,true,0,0,0,0
1449855213493,0,System CPU Load,,0.005154639175257732,,,true,0,0,0,0
1449855213495,0,Process CPU Load,,0.03350515463917526,,,true,0,0,0,0
1449855214497,0,System CPU Load,,0.0051813471502590676,,,true,0,0,0,0
1449855214499,0,Process CPU Load,,0.03367875647668393,,,true,0,0,0,0
1449855215505,0,System CPU Load,,0.002583979328165375,,,true,0,0,0,0
1449855215507,0,Process CPU Load,,0.03626943005181347,,,true,0,0,0,0
1449855216513,0,System CPU Load,,0.005141388174807198,,,true,0,0,0,0
1449855216514,0,Process CPU Load,,0.030848329048843187,,,true,0,0,0,0
1449855217522,0,System CPU Load,,0.2428940568475452,,,true,0,0,0,0
1449855217523,0,Process CPU Load,,0.20930232558139533,,,true,0,0,0,0
